SegmentLabel,ResponseRate
Champions,0.29739776951672864
Loyal,0.1461187214611872
Promising,0.07233273056057866
At Risk,0.02197802197802198
